{
    "rmse": 0.661428323281747,
    "mae": 0.5124824128317667,
    "r2": 0.3416722489146262
}