{
    "rmse": 0.6878772353076775,
    "mae": 0.5473161826506624,
    "r2": 0.23342055236710058
}